HDI Rank (2017),Country,1990,1991,1992,1993,1994,1995,1996,1997,1998,1999,2000,2001,2002,2003,2004,2005,2006,2007,2008,2009,2010,2011,2012,2013,2014,2015,2016,2017
168, Afghanistan,2.6,2.9,3.2,3.6,3.9,4.2,4.6,4.9,5.2,5.5,5.9,6.2,6.5,6.8,7.9,8.1,8.4,8.7,8.9,9.2,9.5,9.8,10,10.2,10.4,10.4,10.4,10.4
68, Albania,11.6,11.8,10.7,10.2,10.1,10.2,10.3,10.6,10.7,10.7,10.6,10.7,10.8,11,10.9,11.5,11.6,12,12.2,12.3,13.1,13.8,14.7,14.8,14.8,14.8,14.8,14.8
85, Algeria,9.6,9.7,9.8,9.8,9.9,9.8,10,10.3,10.5,10.7,10.9,11.1,11.5,11.7,12,12.3,12.3,12.6,13.1,13.6,14,14.3,14.3,14.3,14.3,14.3,14.3,14.4
35, Andorra,10.8,10.8,10.8,10.8,10.8,10.8,10.8,10.8,10.8,10.8,10.8,10.8,11,10.9,10.8,10.8,11.2,11.2,11.7,11.7,11.7,11.7,13.5,13.5,13.5,13.5,13.5,13.5
147, Angola,3.8,3.6,3.5,3.7,3.8,3.9,4,4.1,4.2,4.6,5.1,5.5,5.9,6.4,6.8,7.2,7.7,8.1,8.5,9,8.6,9.5,9.9,10.3,10.7,11,11.4,11.8
70, Antigua and Barbuda,,,,,,,,,,,,,,,,13.3,13.3,13.3,13.1,13,12.9,12.6,12.8,13,13,13.3,13.2,13.2
47, Argentina,13.2,13.2,13.2,13.1,13.1,13.3,13.5,13.8,14,15,15.6,16.3,16.4,16.3,16.3,16.1,16.3,16.3,16.5,16.8,17.1,17.2,17.2,17.1,17.3,17.4,17.4,17.4
83, Armenia,10.7,10.7,10.6,10.8,10.4,10.2,10,10.4,11.1,11.2,11.1,10.8,10.8,10.9,10.9,11.2,11.7,12.3,12.4,13,13,13,13,13,13,13,13,13
3, Australia,17.4,17.3,17.3,17.3,17.3,18.8,19.4,20.2,20.1,20.4,20.5,20.1,20.6,20.7,20.3,20.3,19,19.1,19.1,19.5,19.8,20.1,20.3,20.4,20.4,23.3,22.9,22.9
20, Austria,14,14.1,14.4,14.4,14.8,14.9,14.9,15,15.7,15.4,15.5,16.1,14.7,14.7,14.9,15,15.2,15.1,15.3,15.4,16,16,16.1,15.8,15.8,15.9,16.1,16.1
80, Azerbaijan,10.7,10.6,10.6,10.4,10.1,10,9.8,9.7,9.9,10.1,10.4,10.6,10.8,11,11.2,10.7,11.6,11.6,11.6,11.7,11.7,11.8,11.9,12.2,12.7,12.7,12.7,12.7
54, Bahamas,12.1,12,12,11.9,11.8,11.7,11.8,11.9,11.9,12,12.1,12.1,12.2,12.3,12.4,12.4,12.5,12.6,12.6,12.6,12.6,12.8,12.8,12.8,12.8,12.8,12.8,12.8
43, Bahrain,13.4,13.6,13.3,13.5,13.6,13.7,13.6,13.5,13.3,13.2,13.2,13.2,13.2,13.2,13,12.8,13,13.1,13.2,13.3,13.5,13.6,13.4,13.5,13.7,14.8,16,16
136, Bangladesh,5.6,5.8,6,6.2,6.4,6.6,6.8,6.9,7.1,7.3,7.5,7.7,7.9,8,8.2,8.4,8.5,8.6,8.4,8.9,9.4,9.8,10.2,10.6,10.9,11.3,11.4,11.4
58, Barbados,12.8,12.9,13.1,13.2,13.3,13.5,13.6,13.7,13.4,14,14,14,14.2,14.4,14.6,14.8,15,15.3,15.5,15.8,15.5,15.3,15.4,15.4,15.4,15.3,15.3,15.3
53, Belarus,12.9,12.7,12.5,12.4,12.4,12.4,12.8,12.9,12.8,13.1,13.3,13.6,13.9,14.1,14.4,14.6,14.9,15.1,15.4,15.5,15.5,15.6,15.7,15.6,15.5,15.5,15.5,15.5
17, Belgium,14.1,14.2,15.4,16.6,16.9,17.3,17.6,17.7,17.9,17.7,17.9,18.4,18.4,18.6,18.4,18.7,18.9,19,19,19,19.1,19.1,19.2,19.4,19.7,19.8,19.8,19.8
106, Belize,10.8,10.9,11,11.1,11.2,11.3,11.4,11.5,11.6,11.7,11.8,11.9,12.2,12.5,12.8,12.3,12.8,12.8,12.7,12.4,12.4,12.5,12.9,12.8,12.8,12.8,12.8,12.8
163, Benin,5.3,5.4,5.5,5.7,5.8,5.9,6,6.1,6.3,6.5,6.7,7.4,7.9,8.3,8.7,9.1,9.5,9.9,10.3,10.6,11,11.4,12,12.6,12.6,12.6,12.6,12.6
134, Bhutan,5.4,5.6,5.8,6,6.2,6.4,6.6,6.8,6.3,7.3,7.6,8,8.4,8.8,9.2,9.3,9.7,10.1,10.5,11.1,11.5,11.9,12.3,12.1,12.2,12.2,12.3,12.3
118, Bolivia (Plurinational State of),11.3,11.5,11.6,11.8,12,12.1,12.3,12,12.6,13.3,13.7,14,14.4,14.6,14.4,14.3,14.1,14,13.8,13.8,13.8,13.8,13.8,13.8,13.8,13.8,13.9,14
77, Bosnia and Herzegovina,,,,,,,,,,,11.6,11.9,12.1,12.3,12.5,12.7,12.9,13.1,13.3,13.3,13.4,13.9,14.2,14.2,14.2,14.2,14.2,14.2
101, Botswana,10,10.3,10.3,10.3,10.2,10.6,10.8,11,11.3,11.7,11.8,11.9,11.8,11.8,11.9,11.9,12.1,12.1,12.2,12.3,12.4,12.5,12.6,12.6,12.6,12.6,12.6,12.6
79, Brazil,12.2,12.4,12.6,12.8,13,13.3,13.5,13.7,13.9,14.1,14.3,14.6,14.8,14,13.8,13.8,13.5,13.3,13.8,13.8,14,13.9,13.9,14.8,15,15.4,15.4,15.4
39, Brunei Darussalam,12.1,12.3,12.5,12.7,12.8,12.9,12.9,13,13.1,13.4,13.4,13.3,13.4,13.7,14.1,14.3,14.3,14.2,14.1,14.2,14.1,14.4,14.9,14.9,14.8,14.5,14.5,14.5
51, Bulgaria,12.1,12.2,12,11.9,11.8,12.1,12.6,12.7,12.8,12.9,12.9,12.9,12.9,13.3,13.5,13.5,13.5,14,14.1,14.2,14.4,14.5,14.5,14.9,15.2,15.1,14.8,14.8
183, Burkina Faso,2.5,2.6,2.7,2.8,2.9,3,3.1,3.2,3.3,3.4,3.5,3.6,3.8,3.9,4.3,4.7,4.9,5.4,5.9,6.3,6.7,7.2,7.5,7.7,7.9,8.3,8.5,8.5
185, Burundi,4.4,4.6,4.4,4.7,4.6,4.6,4.6,4.5,4.5,4.5,4.5,4.4,4.7,5.2,5.6,5.9,7.2,7.9,8.6,9.8,10.5,11,11.1,11.4,11.7,11.7,11.7,11.7
125, Cabo Verde,,,,,,,,,,11.3,11.5,11.3,11.6,11.6,11.4,11.5,12.2,12.1,12.2,12.2,12.3,12.5,12.3,12.6,12.6,12.6,12.6,12.6
146, Cambodia,6.7,6.8,6.9,7,7,7.1,7.2,7.3,7.4,7.2,7.6,8.2,9.3,9.7,10,10.2,10.4,10.5,10.6,10.8,11,11.2,11.4,11.6,11.6,11.7,11.7,11.7
151, Cameroon,8,8,7.8,7.7,7.6,7.5,7.3,7.2,7.5,6.9,7.1,8.4,8.1,8.2,8.3,8.2,8.4,9.2,9.6,10.1,10.5,10.9,11.5,11.9,12.2,12.2,12.2,12.2
12, Canada,16.7,17,17.2,16.8,16.9,16.9,16.9,16.5,16,15.9,15.8,15.8,15.8,15.8,15.8,15.8,15.8,15.8,15.9,15.9,15.9,15.9,15.9,15.9,16.3,16.3,16.4,16.4
188, Central African Republic,5.2,4.9,4.2,4.3,4.4,4.6,4.7,4.9,5,5.2,5.3,5.4,5.6,5.7,5.9,6,6.2,6.3,6.4,6.6,6.8,7,7,7.1,7.1,7.1,7.2,7.2
186, Chad,3.2,3.3,3.3,3.4,3.5,3.6,3.7,4,4.5,4.7,4.9,5.1,5.4,5.6,5.6,5.5,5.7,6,6.2,6.7,6.7,7.3,7.5,7.7,7.8,8,8,8
44, Chile,12.9,13.2,13.2,12.1,12.3,12.5,12.6,12.8,12.9,13.5,13.7,13.9,13.7,13.9,14.2,14.5,14.5,14.9,15,15,15.2,15.3,15.4,16,16.1,16.3,16.4,16.4
86, China,8.8,8.8,8.9,8.9,8.9,9.1,9.2,9.2,9.3,9.5,9.6,9.7,9.9,10.2,10.6,11,11.5,12,12.3,12.6,12.9,13.1,13.3,13.5,13.8,13.8,13.8,13.8
90, Colombia,9.1,9.1,9.6,9.8,9.9,10,10.5,10.9,11.3,11.3,11.4,11.5,11.6,11.3,12.3,12.9,13.3,13.6,13.9,14.3,14.3,14.4,14.1,14.5,14.4,14.4,14.4,14.4
165, Comoros,7.9,8,8,8,8,8.1,8.1,8.1,8.1,8.2,8.5,8.8,9.2,9.5,9.7,9.9,10,10.2,10.3,10.5,10.6,10.8,10.9,11.2,11.2,11.2,11.2,11.2
137, Congo,11.2,11,10.9,10.7,10.6,10.4,10.3,10.1,10,9.8,9.7,9.5,9.4,9.2,9.4,9.6,9.8,10,10.3,10.5,10.7,10.6,10.6,10.8,11,11.2,11.4,11.4
176, Congo (Democratic Republic of the),6.8,6.7,6.7,6.7,6.6,6.6,6.7,6.8,6.9,6.9,7,7.1,7.2,7.3,7.4,7.5,7.6,7.7,8.4,8.5,8.8,9.1,9,9.2,9.4,9.6,9.6,9.8
63, Costa Rica,9.8,10.1,10.4,10.6,10.7,10.9,11.1,11.2,11.4,11.6,11.7,11.9,12.1,12.2,12.4,12.6,12.8,12.9,13.1,13.3,13.4,13.6,14.4,14.6,14.8,15.1,15.2,15.4
46, Croatia,10.7,10.8,10.8,10.9,11.4,11.3,11.4,11.5,11.9,12.2,12.3,12.6,12.9,13.3,13.6,14,14.3,14.3,14.2,14.2,14.4,14.5,14.8,15.1,15.2,15.1,15,15
73, Cuba,12.3,12.2,12.1,12.1,11.4,11.3,11.8,11.8,11.9,12.1,12.3,12.5,12.8,13.2,14.2,14.6,15.9,16.9,17.5,17.3,16.4,15.7,14.8,14.1,14.2,14,14,14
32, Cyprus,9.2,9.3,9.3,12.4,12.4,12.5,12.6,12.6,12.6,12.5,12.4,12.5,13,13.4,13.5,13.4,13.5,13.7,14.1,14.6,13.8,13.8,13.8,14,14.3,14.3,14.6,14.6
27, Czechia,11.9,11.8,11.7,11.9,12.2,12.4,13.1,13.3,12.9,13.4,13.9,14.3,14.6,14.9,14.6,14.8,15,15.3,15.5,15.8,16,16.1,16.1,16.6,16.7,16.9,16.9,16.9
170, Côte d'Ivoire,5.9,6,6.1,6.2,6.2,6.3,6.4,6.5,6.3,6.6,6.8,7,7.1,7.3,7.5,7.6,7.8,8,8.1,8.3,8.5,8.6,8.7,8.8,8.8,8.8,9,9
11, Denmark,14.1,14.2,14.3,14.6,14.9,15.1,15.4,15.6,15.7,16.5,16.2,16.6,16.3,16.5,16.6,16.9,16.7,16.8,16.8,16.8,16.9,18.4,18.7,19.1,19.1,19.2,19.1,19.1
172, Djibouti,2.7,2.7,2.8,2.6,2.7,2.8,2.8,2.9,2.9,2.9,2.9,3.3,3.5,3.7,4,4.3,4.5,5,5.3,5.5,5.9,6,6.1,6.2,6.2,6.2,6.2,6.2
103, Dominica,11.4,11.5,11.5,11.6,11.7,11.8,11.8,11.9,12,12,12.1,12.2,12.2,12.3,12.4,12.4,12.5,12.6,12.7,12.7,12.7,12.7,12.7,12.7,12.7,12.8,12.8,12.7
94, Dominican Republic,11.5,11.6,11.7,11.7,11.8,11.9,12,12,12.1,12.2,12.3,12.3,12.4,12.5,12.6,12.6,12.7,12.8,12.9,12.9,13,13.1,13.2,13.2,13.2,13.8,13.7,13.7
86, Ecuador,11.9,11.7,11.8,11.9,12,12,12.1,12.2,12.3,12.4,12.4,12.5,12.6,12.7,12.8,12.8,12.9,13,13.1,13.1,13.2,13.3,13.4,13.7,14,14.3,14.6,14.7
115, Egypt,9.8,9.8,9.9,10.1,10.3,10.4,10.6,10.7,10.4,11,11.1,11.2,11.3,11.2,11.4,11.5,11.7,11.9,12,11.8,12,12,12.4,12.7,12.7,13.1,13.1,13.1
121, El Salvador,9.3,9.3,9.6,9.9,10.2,10.5,10.8,11.1,11.5,11.3,11.6,11.8,12,12.4,12.7,12.9,12.9,13.1,12.4,12.4,12.5,12.7,12.7,12.8,12.6,12.6,12.6,12.6
141, Equatorial Guinea,,,,,,,,,,,8,8.2,8.4,8.5,8.7,9,9,9.1,9.1,9.2,9.2,9.2,9.2,9.2,9.2,9.2,9.3,9.3
179, Eritrea,,,,,,3.8,3.8,3.7,3.8,4.2,4.7,4.7,5.1,5,5.8,5.3,5.3,5.2,5.2,5.5,5.4,5.1,5.1,5.2,5.2,5.4,5.4,5.4
30, Estonia,13.1,12.9,12.8,12.4,12.5,12.9,13.2,13.7,14.2,14.4,15,15.4,15.6,15.7,15.9,16.1,16.1,16.1,16.1,16.2,16.4,16.5,16.5,16.4,16.2,16.1,16.1,16.1
144, Eswatini (Kingdom of),9.6,9.6,9.7,9.7,9.7,9.6,9.6,9.5,9.5,9.4,9.3,9.2,9.1,9.4,9.7,9.9,10.4,10.6,10.8,11,11.2,11.2,11.2,11.2,11.2,11.2,11.2,11.2
173, Ethiopia,3.1,2.8,2.6,2.4,2.3,2.5,2.9,3.2,3.6,3.9,4.3,4.9,5.2,5.4,5.8,6.6,7.1,7.6,8.1,8.1,8.2,8.3,8.4,8.5,8.5,8.5,8.5,8.5
92, Fiji,12.1,12.5,12.6,12.6,12.7,12.8,12.9,12.9,13,13.1,13.2,13.3,13.3,13.4,13.9,14.1,14.2,14.5,14.4,14.6,15,15.2,15,15.2,15.1,15.3,15.3,15.3
15, Finland,15,15.2,15.8,15.9,16.2,16.3,16.5,16.8,17.1,17.3,17.7,18,18.1,18.3,17.1,17.2,17.2,17.1,17,16.8,16.9,17,17,17.6,17.6,17.6,17.6,17.6
24, France,14.2,14.4,14.8,14.8,15.6,15.7,15.8,15.7,15.7,15.7,15.6,15.5,15.4,15.5,15.5,16.1,16.1,16.1,16,16,16.1,16.1,16.2,16.2,16.3,16.4,16.4,16.4
110, Gabon,11.8,11.9,11.9,12,12,12,12.1,12.1,12.2,12.2,12.3,12.3,12.3,12.3,12.4,12.4,12.4,12.4,12.4,12.5,12.5,12.5,12.5,12.6,12.6,12.6,12.6,12.8
174, Gambia,5.1,5.2,5.2,5.3,5.3,5.4,5.7,5.9,6.2,6.5,6.8,7,7.3,7.6,7.8,8.1,8.4,8.6,8.9,8.8,8.7,8.8,8.9,9.2,9.2,9.2,9.2,9.2
70, Georgia,12.4,12.4,12,11.6,11.3,10.9,10.9,11.2,11.3,11.4,11.7,11.8,11.8,12,12.2,12.6,12.5,13.1,12.8,13.3,13.3,13.4,13.5,13.9,14.2,14.7,15,15
5, Germany,14.4,14.7,14.8,15.5,15.6,15.7,15.8,15.9,16.1,16.2,16.2,16.3,16.3,16.4,16.4,16.5,16.6,16.6,16.7,16.7,16.8,16.9,16.9,16.8,16.9,17,17,17
140, Ghana,7.6,7.6,7.6,7.7,7.7,7.7,7.7,7.7,7.7,7.7,8,7.6,7.9,7.7,8.1,8.7,9.1,9.8,10.4,10.5,10.9,11,11.3,11.5,11.2,11.7,11.6,11.6
31, Greece,12.4,12.9,12.8,12.6,12.8,12.7,12.9,13,13.6,13.5,13.9,14.3,14.8,14.9,15.2,15.9,16,15.5,16.2,16.4,16.2,16.3,16.6,16.7,17.3,17.3,17.3,17.3
75, Grenada,12.6,12.8,13,13.1,13.3,13.5,13.6,13.8,14,14.1,14.3,14.4,14.6,14.8,14.9,15.1,15.3,15.4,15.6,15.8,15.9,16.1,16.2,16.4,16.6,16.7,16.9,16.9
127, Guatemala,6.5,6.6,6.7,6.8,6.9,7,7.3,7.6,7.9,8.2,8.5,8.8,9,9.3,9.6,9.8,10.1,10.4,10.4,10.5,10.5,10.6,10.7,10.6,10.7,10.8,10.8,10.8
175, Guinea,2.9,3,3.1,3.2,3.4,3.5,3.7,4,4.4,4.8,5.1,5.5,5.9,5.1,6.6,7.1,7.6,7.9,8.1,8.3,8.4,8.7,8.7,8.9,9.1,9.1,9.1,9.1
177, Guinea-Bissau,3.7,4,4.3,4.6,4.9,5.2,5.5,5.8,6.1,6.4,6.7,7.1,7.4,7.7,8,8.5,9,9.2,9.5,9.7,9.9,10.1,10.3,10.4,10.5,10.5,10.5,10.5
125, Guyana,10.1,10.2,10.3,10.4,10.4,10.5,10.6,10.7,10.8,10.9,10.9,11,11.1,10.5,10.8,11,10.8,10.6,10.7,10.7,10.9,11.4,11.4,11.4,11.4,11.4,11.4,11.4
168, Haiti,7.2,7.2,7.3,7.4,7.5,7.5,7.6,7.7,7.8,7.8,7.9,8,8.1,8.1,8.2,8.3,8.4,8.4,8.5,8.6,8.7,8.9,8.9,9,9.1,9.1,9.2,9.3
133, Honduras,8.6,8.6,8.7,8.8,8.9,9.1,9.3,9.4,9.6,9.8,9.9,10.1,10.3,10.4,10.6,10.8,10.9,11.1,10.5,10.6,10.7,10.6,10.4,10.2,10,10.2,10.2,10.2
7," Hong Kong, China (SAR)",12.8,12.9,13,13.2,13.3,13.4,13.6,13.7,13.9,14,14.1,14.3,14.4,14.5,14.7,14.8,14.9,15.1,15.2,15.4,15.3,15.4,15.8,16,16.2,16.3,16.3,16.3
45, Hungary,11.1,11.1,11.2,11.9,12.6,12.8,13.2,13.1,13.4,13.9,14.2,14.6,14.9,15.3,15,15.2,15.3,15.3,15.3,15.2,15.3,15.2,15.2,15.6,15.4,15.2,15.1,15.1
6, Iceland,14.2,15.3,15.6,15.5,15.7,15.8,15.9,16.3,16.8,16.8,17.1,17.2,17.6,18.3,17.9,18.2,18.3,18.2,18.4,18.3,18.5,18.5,18.8,19.5,19.6,19.3,19.3,19.3
130, India,7.6,7.7,7.9,8,8.1,8.2,8.2,8.2,8.3,8.3,8.3,8.4,8.6,9.2,9.4,9.7,9.9,10.2,10.5,10.4,10.8,11.3,11.5,11.6,11.9,12,12.3,12.3
116, Indonesia,10.1,9.9,9.8,9.7,9.9,10.1,10.2,10.5,10.6,10.7,10.6,10.6,10.8,11,11.1,10.9,11,11.7,11.7,12.1,12.2,12.5,12.8,12.8,12.8,12.7,12.8,12.8
60, Iran (Islamic Republic of),9.2,9.6,10,10.3,10.7,11.1,11.2,11.4,11.5,11.6,11.6,11.9,11.8,11.8,11.4,11.4,11.8,12.1,12.7,12.9,13.1,13.6,14.9,14.8,14.8,14.9,14.9,14.9
120, Iraq,9.6,9.5,9.4,9.3,9.2,9.1,8.9,8.8,8.7,8.6,8.7,9.1,9.4,9.8,10.1,10.2,10.2,10.3,10.3,10.4,10.4,10.5,10.3,10.1,10.1,10.1,10.1,11
4, Ireland,12.1,12.1,12.3,12.8,13,13.1,13.1,13.4,16,16.2,16.4,16.5,16.8,17.1,17.5,17.5,17.6,17.9,17.9,18.1,18.4,18.4,18.5,18.8,19,19.6,19.6,19.6
22, Israel,12.7,13.1,13.3,13.5,13.5,13.6,13.7,14.2,14.7,15.2,15.1,15.3,16,15.9,15.8,15.7,15.7,15.8,15.6,15.7,15.8,15.9,15.9,16,16,16,15.9,15.9
28, Italy,12.8,13,13.3,13.5,13.9,14.1,14.3,14.6,14.7,14.8,14.9,15.2,15.4,15.6,15.8,15.9,16.1,16.2,16.3,16.3,16.4,16.6,16.5,16.3,16.3,16.3,16.3,16.3
97, Jamaica,11.2,11.4,11.4,11.4,11.4,11.4,11.4,11.4,11.4,11.4,10.9,11.7,11.9,11.1,12.4,12.5,12.5,12.6,12.7,12.7,12.8,12.8,12.9,13.2,13.1,13.1,13.1,13.1
19, Japan,13.3,13.4,13.5,13.8,14.1,14.2,14.3,14.4,14.1,14.1,14.3,14.3,14.4,14.5,14.6,14.6,14.8,14.8,14.8,14.9,15,15.2,15.2,15.2,15.2,15.2,15.2,15.2
95, Jordan,11.7,11.9,12.1,12,11.9,12.1,12.2,12.3,12.4,12.6,12.7,13,13.2,13.5,13.8,13.7,13.6,13.6,13.6,13.2,12.8,12.6,12.8,12.9,12.9,13,13.1,13.1
58, Kazakhstan,12.4,12.3,12.3,12.1,12,12,12,12.1,12.1,12.1,12.3,12.7,13.1,13.5,13.9,14.3,14.6,14.6,14.6,14.5,14.4,14.7,15,14.9,15,15,15,15.1
142, Kenya,9.1,9,8.9,8.9,8.8,8.7,8.6,8.6,8.5,8.4,8.4,8.5,8.2,8.9,9.4,9.4,10.1,9.9,10.2,10.5,10.7,10.9,11.1,11.3,11.5,11.7,11.9,12.1
134, Kiribati,10.4,10.8,11,11,11,10.9,11,10.7,10.3,10,10.4,11.7,11.6,12.4,12.2,12.1,11.8,11.6,11.9,12,12.3,12.7,12.8,13,12.9,12.9,12.9,12.9
n.a, Korea (Democratic People's Rep. of),,,,,,,,,,,,,,,,,,,,12,12,12,12,12,12,12,12,12
22, Korea (Republic of),13.6,13.7,13.7,13.9,14.2,14.5,14.9,15.5,15.2,15.4,15.6,15.7,15.7,15.9,16.1,16.3,16.4,16.6,16.7,16.8,16.8,16.9,16.7,16.6,16.6,16.5,16.5,16.5
56, Kuwait,10.6,8.8,7.1,8.2,9.8,11.6,13.3,13.4,13.8,14.1,14,13.9,14.1,14.4,14.2,14.1,13.9,13.8,13.6,13.5,13.4,13.2,13.1,13.6,13.6,13.6,13.6,13.6
122, Kyrgyzstan,12,11.8,11.6,11.3,10.8,10.6,10.6,10.7,11.1,11.5,11.8,12.2,12.3,12.6,12.5,12.6,12.7,12.7,12.4,12.5,12.4,12.3,12.7,13.1,13.2,13.3,13.4,13.4
139, Lao People's Democratic Republic,6.7,6.7,6.8,6.9,7.2,6.8,7.4,7.7,7.9,8,8,8,8.3,8.6,8.7,9,9.1,9.2,9.4,9.7,10,10.4,10.5,10.8,11.1,11.3,11.2,11.2
41, Latvia,12.7,12.6,12.4,11.9,11.6,11.6,11.9,12.3,12.9,13.6,14.1,14.7,15,15.2,15.5,15.7,15.8,15.9,16.2,15.9,15.6,15.4,15.2,15.7,15.6,15.8,15.8,15.8
80, Lebanon,11.7,11.9,12,12.2,12.4,12.5,12.7,13.4,14.2,14.9,15,15.2,14.8,14.2,13.7,13.2,12.9,13.1,13.2,13.3,13.2,13.3,12.5,12.5,12.5,12.5,12.5,12.5
159, Lesotho,9.6,9.7,9.7,9.4,9.8,9.9,9.8,9.8,9.7,9.6,10.3,10.4,10.5,10.7,10.7,10.7,10.6,10.7,10.8,10.9,11,11,11.1,10.8,10.7,10.6,10.6,10.6
181, Liberia,,,,,,,,,,8.7,10.5,10.4,10.3,10.2,10.1,10,9.9,9.8,9.7,9.6,9.5,9.6,9.8,9.9,10,10,10,10
108, Libya,14,14.2,14.3,14.5,14.7,14.8,15,15.2,15.3,15.5,15.7,15.8,16,15.9,15.7,15.4,15.1,14.8,14.6,14.3,14,13.7,13.4,13.4,13.4,13.4,13.4,13.4
17, Liechtenstein,,,,,,,,,,,13.5,13.7,14,14.2,14.5,14.5,14.5,14.4,14.7,14.5,14.5,14.8,15,14.8,14.6,14.7,14.7,14.7
35, Lithuania,12.8,12.6,12.2,11.8,11.8,12,12.4,12.9,13.4,13.9,14.6,15.1,15.5,16,16.1,16.3,16.5,16.6,16.7,16.9,16.8,16.5,16.3,16.3,16.1,16.1,16.1,16.1
21, Luxembourg,11.1,11.3,11.4,11.6,11.8,11.8,12.3,12.4,12.7,13.5,13.4,13.5,13.6,13.5,13.5,13.5,13.5,13.5,13.5,13.7,13.9,13.9,13.9,13.9,13.9,14,14,14
161, Madagascar,6.4,6.6,6.7,6.9,7.1,7.3,7.5,7.6,7.8,8,8.2,8.3,8.5,8.7,8.9,9.1,9.2,9.4,9.7,10.2,10.2,10.1,10.3,10.4,10.4,10.6,10.6,10.6
171, Malawi,5.4,5.6,6.7,7,7.2,10.6,10.4,10.5,10.6,10.6,9.9,10.2,10.2,10,9.5,9.4,9.4,9.3,9.9,10.2,10.3,10.4,10.5,10.7,10.7,10.7,10.8,10.8
57, Malaysia,9.7,9.9,10.1,10.1,10.1,10.2,10.7,11.1,11.5,11.6,11.9,12,12.1,12.7,12.9,12.7,12.3,12.5,12.6,12.8,13,12.9,12.9,13.1,13.3,13.5,13.7,13.7
101, Maldives,,,,,,8.5,9.2,9.8,10.5,11.3,11.8,12,11.8,12.2,12.1,12,11.9,11.8,11.8,11.6,11.9,12.2,12.3,12.5,12.4,12.7,12.6,12.6
182, Mali,2.1,2.2,2.3,2.5,2.8,3,3.3,3.7,4,4.4,4.6,4.9,5.2,5.5,5.8,6.1,6.4,5.8,7.1,7.4,7.6,7.7,7.6,7.4,7.5,7.5,7.5,7.7
29, Malta,12.9,13.1,13.2,13.3,13.4,13.4,13.4,13.5,13.9,13.8,13.7,13.8,13.8,14.2,14.8,14.8,14.4,14.6,14.4,14.6,15.3,14.9,15,15.2,15.4,15.7,15.9,15.9
106, Marshall Islands,,,,,,,,,,,,,12.3,,,,,,,,,,,,,,,13
159, Mauritania,3.7,3.9,4.2,4.7,5.4,5.5,5.8,5.8,6.2,6.4,6.5,6.5,6.5,6.7,7.1,7.2,7.4,7.2,7.1,7.6,7.6,7.7,8.1,8.4,8.6,8.6,8.6,8.6
65, Mauritius,10.5,10.6,10.8,10.9,11.1,11.2,11.3,11.5,11.8,12.1,12.2,12.5,12.6,12.8,13,13.4,13.5,13.6,13.7,14,14.1,14.3,14.8,14.8,15.3,15.1,15.1,15.1
74, Mexico,10.6,10.5,10.5,10.4,10.5,10.7,10.8,11,11.3,11.4,11.7,11.8,12,12.3,12.3,12.3,12.4,12.5,12.6,12.7,12.8,12.9,13.1,13.3,13.5,13.7,14.1,14.1
131, Micronesia (Federated States of),,,,,,,,,,,10.1,10.2,10.4,10.5,10.7,10.9,11,11.2,11.4,11.5,11.7,11.7,11.7,11.7,11.7,11.7,11.8,11.7
112, Moldova (Republic of),12,11.8,11.6,11.4,11.2,11,10.7,10.7,11.1,11.4,11.4,11.3,11.5,11.7,11.9,11.9,12.1,12.1,12,11.8,11.8,11.8,11.8,11.8,11.8,11.6,11.6,11.6
92, Mongolia,10.2,9.7,8.8,7.7,7.7,7.7,8,8.3,8.6,8.9,9.4,10.1,10.5,11.2,11.8,12.7,13,13.4,13.8,14.3,14.6,14.7,14.7,14.8,14.9,15,15.5,15.5
50, Montenegro,,,,,,,,,,,,,,12.6,12.8,13.2,13.6,14.1,14.6,14.9,15.1,15,15,15,15,14.9,14.9,14.9
123, Morocco,6.5,6.5,6.6,6.8,7,7.3,7.4,7.6,7.6,8,8.5,8.8,9.3,9.6,9.8,10.1,10.1,10.4,10.5,10.7,11.1,11.4,11.8,12,12.1,12.3,12.4,12.4
180, Mozambique,3.7,3.6,3.5,3.5,3.7,3.9,4.3,4.7,5,5.4,5.8,6.2,6.7,7,7.4,8,8.3,8.9,9.3,9.4,9.6,9.3,9.2,9.7,9.7,9.7,9.7,9.7
148, Myanmar,6.1,6.7,7.2,7.4,7.5,7.4,7.5,7.6,7.6,7.7,7.8,7.8,7.9,8,8.1,8.1,8.2,8.4,8.7,8.9,9.2,9.5,9.6,9.7,9.8,9.9,10,10
129, Namibia,11.1,11.1,11.5,12,12.4,12.2,12,11.9,11.8,11.5,11.7,11.8,11.7,11.7,11.6,11.4,11.3,11.4,11.4,11.6,11.9,12.2,12.3,12.3,12.3,12.3,12.3,12.3
n.a, Nauru,,,,,,,,,,,8.8,8.9,8.4,8.2,8.4,10.3,10.1,8.9,9.3,9.5,9.7,10,10.1,10.2,10.2,10.4,10.3,10.3
149, Nepal,7.5,7.7,8,8,8,8.1,8.5,8.6,8.7,8.9,9,8.6,9.2,9.3,9.4,9.6,10,10.1,10.5,11.1,12,12.3,12.3,12.4,12.2,12.2,12.2,12.2
10, Netherlands,14.7,14.9,14.8,15.1,17.3,16.7,16.9,16.6,16.5,16.4,16.6,16.7,16.3,16.4,16.3,16.4,16.5,16.6,16.8,16.8,17,17.9,17.8,17.9,18,18.1,18,18
16, New Zealand,14.5,14.8,15.2,16,16.6,16.9,17,17.3,17.4,17.2,17.4,17.5,18.2,18.4,18.9,19.1,19.2,19.5,19.3,20.3,19.8,19.4,19,18.8,18.8,18.9,18.9,18.9
124, Nicaragua,7.7,8.2,8.4,8.5,8.7,8.8,9.1,9.5,9.8,10.1,10.4,10.7,11,11,11,11,11,11.1,11.3,11.4,11.5,11.5,11.5,11.6,12.1,12.1,12.1,12.1
189, Niger,2.1,2.1,2.2,2.3,2.4,2.4,2.5,2.6,2.7,2.8,2.9,2.9,3,3.1,3.4,3.6,3.8,3.9,4.2,4.4,4.7,5,5.3,5.3,5.3,5.3,5.4,5.4
157, Nigeria,6.7,6.8,6.9,7,7.1,7.2,7.3,7.4,7.5,7.6,8,7.7,8.1,8.5,9,9,9.1,9.2,9.3,9.5,8.4,8.7,9.8,10,10,10,10,10
1, Norway,14,14.3,14.5,15.1,16.1,15.6,15.8,16,16.9,17.1,17.5,17.1,17.1,17.5,17.6,17.5,17.6,17.6,17.4,17.4,17.6,17.6,17.5,17.7,17.7,17.7,17.9,17.9
48, Oman,7.9,8.4,8.8,9.2,9.4,9.7,9.9,10,10.1,10.4,10.7,11,11.2,11.5,11.6,11.7,11.8,12.1,12.4,13.3,13.4,13.4,13.6,13.8,13.8,13.9,13.9,13.9
150, Pakistan,4.6,4.7,4.8,4.9,4.9,5,5.1,5.2,5.2,5.3,5.4,5.5,5.6,5.6,6.1,6.5,6.7,7.2,7.3,7.5,7.5,7.6,7.7,7.8,8.1,8.2,8.6,8.6
60, Palau,,,,,,,,,,,13.7,13.8,13.8,13.9,13.9,13.9,14,14,14.1,14.1,14.2,14.2,14.2,14.5,14.8,15.1,15.3,15.6
119," Palestine, State of",,,,,,9.8,10.2,10.6,10.9,11.3,11.2,11.6,11.9,12.2,12.7,12.7,12.9,13.3,13.4,13.3,13.3,13.3,13.2,12.9,12.9,12.8,12.8,12.8
66, Panama,10.7,10.7,10.8,10.9,10.9,11.1,11.3,11.6,11.8,12.1,12.4,12.6,12.8,12.8,12.9,12.9,12.9,13,12.8,12.7,12.8,12.7,12.7,12.7,12.7,12.7,12.7,12.7
153, Papua New Guinea,4.7,4.8,4.9,5,4.7,5.2,5.4,5.7,5.9,6,6.3,6.7,7,7.3,7.7,8,8.3,8.8,9,9.3,9.8,10.2,10,10.1,9.9,10.2,9.9,10
110, Paraguay,8.6,8.9,9.2,9.5,9.7,9.9,10.3,10.7,11.1,11.6,11.8,12.2,12.7,12.1,12.3,12.1,12,11.9,12.1,12.4,12.3,12.4,12.6,12.7,12.8,12.7,12.7,12.7
89, Peru,11.9,11.9,11.7,11.7,11.9,12.2,12.2,12.2,12.8,13.5,13.4,13.9,13.3,12.8,13,13,13.2,13.4,13.4,13.6,13.4,13.5,13.6,13.7,13.7,13.8,13.8,13.8
113, Philippines,10.8,10.8,10.8,10.8,10.8,10.8,11.1,11.1,11.1,11.4,11.4,11.4,11.6,11.6,11.6,11.5,11.4,11.5,11.7,11.4,11.7,12,12.3,12.6,12.6,12.6,12.6,12.6
33, Poland,12.2,12.3,12.3,12.9,13.1,13.1,13.3,13.8,14.2,14.6,14.7,15,15.3,15.5,14.8,15,15,15,15,15.1,15.3,15.2,15.3,16.3,16,16.1,16.4,16.4
41, Portugal,11.8,12.3,13.1,14.2,14.7,15,15.4,15.7,15.8,15.4,15.6,15.8,15.7,15.8,15.3,15.3,15.3,15.7,15.9,15.9,16,16.1,16.2,16.7,16.4,16.4,16.3,16.3
37, Qatar,11.8,11.5,11.3,11.9,12.6,13.1,13.6,13.4,13.2,13,12.6,12.6,12.8,13.2,13.2,13.1,12.3,12,12.3,12.5,12.8,13.4,13.4,13.4,13.4,13.4,13.4,13.4
52, Romania,11.9,11,10.5,10.3,10.2,10.4,10.8,11,11.1,11.5,11.7,12,12.5,12.9,13.4,13.7,14,14.6,15.3,15.6,15.4,15,14.4,14.5,14.5,14.5,14.3,14.3
49, Russian Federation,12.8,12.7,12.4,12,11.8,11.8,11.9,11.9,12,12.1,12.5,12.8,13.2,13.6,13.7,13.8,13.8,13.9,14,13.7,14,14.3,14.6,14.9,15,15.4,15.5,15.5
158, Rwanda,5.7,5.8,5.9,6,6.1,6.2,6.3,6.4,6.2,6.8,7.2,7.3,7.7,8.3,8.9,9.4,10.2,10.5,10.3,11,11.1,11.3,11.5,11.3,11.2,10.8,11.2,11.2
72, Saint Kitts and Nevis,12.7,12.8,12.9,13,13,13,13,13,13,13,12.9,12.9,12.9,12.9,12.9,12.9,12.9,12.9,12.9,13,13.3,13.5,13.7,14,14.2,14.2,14.2,14.4
90, Saint Lucia,12.6,12.9,13.2,13.5,13.4,13.3,13.1,13,12.9,12.8,12.6,12.5,12.4,12.3,12.2,12.4,12.8,12.6,12.8,12.9,13.1,13.4,13.1,13.4,13.4,13.6,13.6,13.6
99, Saint Vincent and the Grenadines,12,12.1,12.2,12.2,12.3,12.4,12.5,12.5,12.6,12.7,12.8,12.9,13,13.2,13.3,13.4,13.4,13.6,13.4,13.4,13.7,13.7,13.4,13.5,13.2,13.3,13.3,13.3
104, Samoa,11.7,11.7,11.7,11.8,11.8,11.9,11.9,11.8,12,12.1,12,12,12.1,12.1,12.1,12.1,12.2,12.2,12.2,12.3,12.3,12.3,12.3,12.4,12.4,12.4,12.5,12.5
n.a, San Marino,,,,,,,,,,,,,,,,,,,,,15.5,15.2,15.1,15.1,15.1,15.1,15.1,15.1
143, Sao Tome and Principe,8.2,8.3,8.4,8.6,8.7,8.8,8.9,9.1,9.2,9.3,9.4,9.6,9.7,9.8,10,10.2,10.3,10.4,10.1,10.6,10.6,10.8,11,11.4,11.7,12.5,12.5,12.5
39, Saudi Arabia,10.8,10.9,11,11.2,11.3,11.4,11.5,11.6,11.7,11.8,12,12.1,12.2,12.3,12.4,12.7,12.9,13.1,13.4,13.6,14.3,14.9,15.6,16.3,16.9,16.9,16.9,16.9
164, Senegal,4.5,4.5,4.6,4.7,4.7,4.8,4.9,5,5.1,5.2,5.4,5.7,5.9,6.2,6.4,6.6,6.8,7.1,7.5,7.7,8,8.6,8.8,8.9,9.1,9.3,9.5,9.7
67, Serbia,12.4,12.5,12.6,12.6,12.7,12.8,12.8,12.9,13,13,13.1,13.2,13,13.1,13.2,13.4,13.5,13.5,13.6,13.6,13.5,14,14.1,14.3,14.4,14.4,14.6,14.6
62, Seychelles,11.4,11.5,11.6,11.8,12,11.9,11.9,12,12,12.3,12.2,11.7,12.1,12.3,12.1,13.1,11.7,13.2,13.3,13.3,13.4,12.3,14.2,14.4,14.5,14.6,14.7,14.8
184, Sierra Leone,4.9,4.6,4.9,5.2,5.4,5.7,5.9,6.2,6.4,6.7,7,7.2,7.4,7.6,7.8,8,8.2,8.3,8.5,8.7,8.9,9.1,9.3,9.5,9.5,9.5,9.7,9.8
9, Singapore,10.6,10.8,11,11.2,11.4,11.6,11.8,12,12.3,12.5,12.7,12.6,12.7,12.7,12.6,13.9,14.1,14.2,14.4,14.5,15.2,15.4,15.8,15.8,16.1,16.1,16.1,16.2
38, Slovakia,11.6,11.6,11.7,11.8,11.9,12,12.2,12.3,12.9,13,13.2,13.2,13.5,13.7,13.9,14.2,14.4,14.7,14.9,14.9,15,14.9,14.9,14.9,14.8,15,15,15
25, Slovenia,12,12,12.3,12.2,12.3,12.6,12.8,13.1,13.7,14.6,14.7,15.6,16.1,16.6,16.3,16.7,16.8,16.9,16.9,17,17.1,16.9,16.9,17.6,17.3,17.2,17.2,17.2
152, Solomon Islands,6,6.1,6.6,6.9,7.2,7.2,7.2,7.2,7.2,7.2,6.6,7.3,8,8.1,8.3,8.4,9,9.2,9.4,9.5,9.6,9.7,9.9,10,10.1,10.2,10.2,10.2
113, South Africa,11.4,11.9,12.3,12.7,12.8,13,13,13,13,13,13,12.9,12.9,12.9,12.9,12.9,12.9,12.9,12.8,12.8,12.8,12.8,12.9,13.1,13.3,13.3,13.3,13.3
187, South Sudan,,,,,,,,,,,,,,,,,,,,,4.9,4.9,4.9,4.9,4.9,4.9,4.9,4.9
26, Spain,14,14.3,14.5,15,15.3,15.5,15.6,15.6,15.6,15.6,15.7,15.6,15.6,15.6,15.7,15.9,15.9,16.1,16.2,16.4,16.8,17.2,17.4,17.6,17.6,17.8,17.9,17.9
76, Sri Lanka,11.3,11.4,11.5,11.3,11.8,11.9,12,12.1,12.3,12.4,12.5,12.6,12.7,12.8,12.9,13.1,13.2,13.3,13.4,13.5,13.6,13.7,13.8,13.8,13.9,13.9,13.9,13.9
167, Sudan,3.9,4.1,4.3,4.4,4.6,4.8,5,5.1,5.3,5.5,5.6,5.7,5.8,5.9,6.2,6.4,6.6,6.5,7.1,7.3,7.3,6.9,7.2,7.3,7.3,7.3,7.4,7.4
100, Suriname,11.9,11.8,11.7,11.6,11.5,11.5,11.4,11.3,11.2,11.1,11,11,10.9,11.1,11.3,11.4,11.5,11.7,11.8,10.3,12.5,12.5,12.5,12.5,12.5,12.7,12.7,12.7
7, Sweden,12.9,13,13.3,15.1,15.5,15.9,16.3,17,18.6,18.8,18.8,18.8,18.6,18.5,16,15.9,15.8,15.7,15.7,15.7,15.9,15.8,15.8,16.4,17,17.6,17.6,17.6
2, Switzerland,13.4,13.6,13.7,14.1,14.2,14.4,14.5,14.8,15,15.1,15.2,15.2,15,15.1,15.2,15.2,15.3,15.3,15.3,15.4,15.6,15.7,15.8,15.9,16,16.2,16.2,16.2
155, Syrian Arab Republic,10.3,10.2,10.1,10,9.8,9.7,9.8,9.9,9.9,10,10.1,10.2,10.2,10.6,10.9,11.4,11.4,11.5,11.6,11.6,11.8,12.2,12.7,8.8,8.8,8.8,8.8,8.8
127, Tajikistan,12,12,11.9,11.1,10.3,10.3,10.1,10,9.8,9.6,9.7,9.8,10.1,10.5,10.6,10.7,10.9,10.8,11,11,11.1,11.1,11.2,11.2,11.2,11.2,11.2,11.2
154, Tanzania (United Republic of),5.5,5.6,5.5,5.6,5.5,5.4,5.4,5.4,5.7,6,6.2,6.5,6.8,7.1,7.3,7.6,7.9,8.2,8.4,8.7,8.8,8.8,8.8,8.2,8.4,8.9,8.9,8.9
83, Thailand,8.4,8.7,8.9,9.2,9.4,9.6,9.8,10.1,10.6,10.9,11.2,11.5,11.8,11.9,12.3,12.7,12.8,13.3,13.2,13.3,13.3,13.5,13.3,13.2,13.5,13.9,14.3,14.7
80, The former Yugoslav Republic of Macedonia,10.3,10.4,10.5,10.6,10.8,11,11.3,11.4,11.6,11.7,11.8,11.9,11.9,11.9,11.9,12.1,12.2,12.2,13,13,12.9,12.9,12.9,12.9,13,13.3,13.3,13.3
132, Timor-Leste,,,,,,,,,,,9.8,9.8,9.8,10.2,10.6,11,11.3,11.7,12.1,11.8,12.4,12.8,12.8,12.8,12.8,12.8,12.8,12.8
165, Togo,7.6,7.9,7.3,7.4,7.4,8.3,8.7,8.9,9.1,9.3,9.4,9.7,9.9,10,10.1,10.2,10.6,10.1,10.6,11,11.5,11.9,12.1,12.3,12.3,12.4,12.4,12.4
98, Tonga,13.7,13.7,13.7,13.7,13.7,13.7,13.7,13.7,13.7,13.7,13.2,13.5,13.7,14.6,14.6,14.6,14.5,14.5,14.5,14.4,14.4,14.4,14.3,14.3,14.3,14.3,14.3,14.3
69, Trinidad and Tobago,11.2,11,11,11,11.1,11.2,11.3,11.5,11.6,11.7,11.8,11.9,12,12.2,12.3,12.3,12.4,12.4,12.5,12.5,12.6,12.6,12.7,12.7,12.7,12.7,12.9,12.9
95, Tunisia,10.5,10.6,10.7,10.9,11.3,11.6,11.8,11.8,12.4,12.8,13.1,13.3,13.5,13.6,13.9,14.2,14.3,14.3,14.4,14.4,14.5,14.6,14.7,14.8,14.7,14.9,15.1,15.1
64, Turkey,8.9,9.1,9.2,9.3,9.5,9.6,9.7,9.8,10.2,10.7,11.1,11.6,12,12.1,12,11.9,12.3,12.6,12.5,13,13.8,14.3,14.4,14.8,15.2,15.2,15.2,15.2
108, Turkmenistan,,,,,,,,,,,10.2,10.2,10.3,10.3,10.3,10.4,10.4,10.5,10.5,10.6,10.6,10.7,10.7,10.8,10.8,10.8,10.9,10.8
n.a, Tuvalu,,,,,,,,,,,,11,,,,,,,,,,,,,,,,
162, Uganda,5.7,5.7,5.1,5.5,5.5,5.6,6.6,7.7,8.7,9.8,10.8,11,11.5,11.6,10.6,10.7,10.7,10.8,10.9,10.9,11,11,11.1,11.1,11.2,11.2,11.3,11.6
88, Ukraine,12.4,12.4,12.1,12,11.9,12.2,12.4,12.7,13,13.1,13,13.7,14.1,14.4,14.4,14.6,14.7,14.8,14.8,14.8,14.8,14.8,14.9,14.9,15,15,15,15
34, United Arab Emirates,10.7,11.1,10.9,10.9,11.1,11.2,11.4,11.5,11.7,11.8,12,12.1,12.3,12.4,12.6,12.8,12.9,13.1,13.2,13.3,13.4,13.5,13.6,13.8,13.8,13.8,13.6,13.6
14, United Kingdom,13.7,13.9,14.3,14.5,14.7,14.9,15.1,15.3,15.5,15.9,16.1,16.1,16.1,16.1,16.5,16.6,16.1,15.9,16,16.1,16.4,15.8,15.7,17.7,17.9,17.4,17.4,17.4
13, United States,15.3,15.3,15.6,15.8,15.9,15.9,15.8,15.8,15.9,15.8,15.5,15.6,15.7,15.9,15.9,16,16.1,16.2,16.3,16.4,16.6,16.7,16.6,16.4,16.4,16.5,16.5,16.5
55, Uruguay,12.9,13,12.8,12.9,13,13.1,13.2,13.5,13.9,13.9,14.2,14.7,15.1,15.5,15.5,15.2,15.3,14.9,14.7,15.6,14.7,15.2,15.6,16.1,16.1,15.9,15.9,15.9
105, Uzbekistan,11.3,11.1,10.8,10.8,10.8,10.7,10.7,10.7,10.6,10.6,10.7,11,11.3,11.4,11.4,11.5,11.4,11.5,11.3,11.4,11.4,11.4,11.6,11.6,11.7,11.7,11.8,12
138, Vanuatu,,,,,,,,,,9.6,10.1,10.2,10.4,10.7,10.6,10.6,10.7,10.7,10.7,10.8,10.8,10.8,10.9,10.9,10.9,10.9,10.9,10.9
78, Venezuela (Bolivarian Republic of),10.5,10.7,10.8,10.8,10.7,10.7,10.6,10.6,10.5,10.6,10.4,11,11.6,11.6,11.8,12.4,12.9,13.4,14,14,14.1,14.1,14.2,14.2,14.3,14.3,14.3,14.3
116, Viet Nam,7.8,8.1,8.4,8.7,9,9.3,9.6,9,10.3,10.4,10.6,10.7,10.9,11,11.1,11.3,11.4,11.6,11.7,11.9,12,12.5,12.6,12.6,12.7,12.7,12.7,12.7
178, Yemen,7.5,7.5,7.6,7.6,7.6,7.6,7.6,7.6,7.6,7.7,7.9,8,8.2,8.4,8.6,8.7,8.6,8.5,8.4,8.5,8.6,9,9,9,9,9,9,9
144, Zambia,7.5,7.7,8,8.2,8.4,8.7,8.9,9.1,9.3,9.6,9.8,10,10.2,10.5,10.7,10.9,11.1,11.4,11.6,11.8,12,12.3,12.5,12.5,12.5,12.5,12.5,12.5
156, Zimbabwe,9.8,10.2,9.8,9.8,9.8,9.8,9.8,9.8,9.8,9.8,9.8,10,9.5,9.2,9.3,9.5,9.6,9.7,9.9,10,10.1,9.8,10.3,10.2,10.3,10.3,10.3,10.3